{
  "b1_naive_da": {
    "total_profit_eur": {
      "mean": 0.0,
      "std": 0.0,
      "values": [
        0.0,
        0.0,
        0.0,
        0.0,
        0.0
      ]
    },
    "profit_per_mwh_eur": {
      "mean": 0.0,
      "std": 0.0,
      "values": [
        0.0,
        0.0,
        0.0,
        0.0,
        0.0
      ]
    },
    "sharpe": {
      "mean": 0.0,
      "std": 0.0,
      "values": [
        0.0,
        0.0,
        0.0,
        0.0,
        0.0
      ]
    },
    "cvar5_daily_eur": {
      "mean": 0.0,
      "std": 0.0,
      "values": [
        0.0,
        0.0,
        0.0,
        0.0,
        0.0
      ]
    },
    "participation_rate": {
      "mean": 0.0,
      "std": 0.0,
      "values": [
        0.0,
        0.0,
        0.0,
        0.0,
        0.0
      ]
    },
    "physical_violation_rate": {
      "mean": 0.0,
      "std": 0.0,
      "values": [
        0.0,
        0.0,
        0.0,
        0.0,
        0.0
      ]
    }
  },
  "b2_stochastic_lp": {
    "total_profit_eur": {
      "mean": 29864.5795,
      "std": 0.0,
      "values": [
        29864.5795,
        29864.5795,
        29864.5795,
        29864.5795,
        29864.5795
      ]
    },
    "profit_per_mwh_eur": {
      "mean": 17.8659,
      "std": 0.0,
      "values": [
        17.8659,
        17.8659,
        17.8659,
        17.8659,
        17.8659
      ]
    },
    "sharpe": {
      "mean": 267.5905,
      "std": 0.0,
      "values": [
        267.5905,
        267.5905,
        267.5905,
        267.5905,
        267.5905
      ]
    },
    "cvar5_daily_eur": {
      "mean": 0.0,
      "std": 0.0,
      "values": [
        0.0,
        0.0,
        0.0,
        0.0,
        0.0
      ]
    },
    "participation_rate": {
      "mean": 0.9017,
      "std": 0.0,
      "values": [
        0.9017,
        0.9017,
        0.9017,
        0.9017,
        0.9017
      ]
    },
    "physical_violation_rate": {
      "mean": 0.0,
      "std": 0.0,
      "values": [
        0.0,
        0.0,
        0.0,
        0.0,
        0.0
      ]
    }
  },
  "b4_ppo": {
    "total_profit_eur": {
      "mean": 23028.8741,
      "std": 2674.0160351118584,
      "values": [
        27065.3066,
        20072.8451,
        22243.8,
        24087.5678,
        21674.851
      ]
    },
    "profit_per_mwh_eur": {
      "mean": 17.07336,
      "std": 0.40556968944929733,
      "values": [
        17.3588,
        17.1997,
        16.7976,
        17.4928,
        16.5179
      ]
    },
    "sharpe": {
      "mean": 162.52846,
      "std": 27.63406022887336,
      "values": [
        196.6296,
        127.3554,
        182.2903,
        146.4997,
        159.8673
      ]
    },
    "cvar5_daily_eur": {
      "mean": 199.22246,
      "std": 25.40863507920093,
      "values": [
        232.769,
        165.8246,
        188.647,
        213.8009,
        195.0708
      ]
    },
    "participation_rate": {
      "mean": 0.9977199999999999,
      "std": 0.0006220932405998185,
      "values": [
        0.9984,
        0.9978,
        0.9982,
        0.9969,
        0.9973
      ]
    },
    "physical_violation_rate": {
      "mean": 0.0021999999999999997,
      "std": 0.000674536878161602,
      "values": [
        0.0016,
        0.002,
        0.0016,
        0.0031,
        0.0027
      ]
    }
  }
}