{
  "n_train": 100000,
  "n_cal": 20000,
  "n_test": 20000,
  "train_seconds": 9.11,
  "epoch_losses": [
    4.025468032384656,
    4.058424711227417,
    4.048803218861216,
    4.032871946846087,
    4.044918151245904
  ],
  "alpha": 0.1,
  "delta_alpha": 3.947580099105835,
  "validity_rate": 0.9046499729156494,
  "median_gap_eur": 2.785240650177002,
  "p90_gap_eur": 102.42737579345703,
  "accept_rate_true": {
    "-100.0": 1.0,
    "-50.0": 1.0,
    "0.0": 1.0,
    "50.0": 0.16894999146461487,
    "100.0": 0.10009999573230743,
    "250.0": 0.020150000229477882,
    "500.0": 0.0010999999940395355
  },
  "accept_rate_hat": {
    "-100.0": 1.0,
    "-50.0": 1.0,
    "0.0": 0.1310499906539917,
    "50.0": 0.0,
    "100.0": 0.0,
    "250.0": 0.0,
    "500.0": 0.0
  }
}