{
  "params": {
    "n_steps": 5000,
    "split_at": 2500,
    "ar_p": 24,
    "mu": 500.0,
    "sigma": 200.0,
    "base_seed": 42
  },
  "variance_shift": {
    "1.0": {
      "split_cp": {
        "coverage": 0.9131832797427653,
        "mean_width": 682.7070561675891,
        "n_test": 2488
      },
      "aci": {
        "coverage": 0.8994974874371859,
        "mean_width": 687.3280520821844,
        "n_test": 4776
      },
      "enbpi": {
        "coverage": 0.9022194304857621,
        "mean_width": 669.9526315808341,
        "n_test": 4776,
        "window": 200
      }
    },
    "1.5": {
      "split_cp": {
        "coverage": 0.7584405144694534,
        "mean_width": 683.6904415640611,
        "n_test": 2488
      },
      "aci": {
        "coverage": 0.8930067001675042,
        "mean_width": 847.6335708042244,
        "n_test": 4776
      },
      "enbpi": {
        "coverage": 0.89928810720268,
        "mean_width": 835.0251765326655,
        "n_test": 4776,
        "window": 200
      }
    },
    "2.0": {
      "split_cp": {
        "coverage": 0.6205787781350482,
        "mean_width": 687.5180012199442,
        "n_test": 2488
      },
      "aci": {
        "coverage": 0.8890284757118928,
        "mean_width": 1003.8120398251269,
        "n_test": 4776
      },
      "enbpi": {
        "coverage": 0.8976130653266332,
        "mean_width": 1003.5185357328187,
        "n_test": 4776,
        "window": 200
      }
    },
    "3.0": {
      "split_cp": {
        "coverage": 0.43729903536977494,
        "mean_width": 690.9400856656745,
        "n_test": 2488
      },
      "aci": {
        "coverage": 0.8863065326633166,
        "mean_width": 1329.185062658175,
        "n_test": 4776
      },
      "enbpi": {
        "coverage": 0.8965661641541038,
        "mean_width": 1342.549237816232,
        "n_test": 4776,
        "window": 200
      }
    },
    "5.0": {
      "split_cp": {
        "coverage": 0.2729099678456592,
        "mean_width": 690.9400856656745,
        "n_test": 2488
      },
      "aci": {
        "coverage": 0.8854690117252931,
        "mean_width": 1980.227993002247,
        "n_test": 4776
      },
      "enbpi": {
        "coverage": 0.8965661641541038,
        "mean_width": 2020.8173770401743,
        "n_test": 4776,
        "window": 200
      }
    },
    "10.0": {
      "split_cp": {
        "coverage": 0.13906752411575563,
        "mean_width": 690.9400856656745,
        "n_test": 2488
      },
      "aci": {
        "coverage": 0.8854690117252931,
        "mean_width": 3615.333798276596,
        "n_test": 4776
      },
      "enbpi": {
        "coverage": 0.8967755443886097,
        "mean_width": 3716.3601883491447,
        "n_test": 4776,
        "window": 200
      }
    }
  },
  "mean_shift": {
    "0": {
      "split_cp": {
        "coverage": 0.9131832797427653,
        "mean_width": 682.7070561675891,
        "n_test": 2488
      },
      "aci": {
        "coverage": 0.8994974874371859,
        "mean_width": 687.3280520821844,
        "n_test": 4776
      },
      "enbpi": {
        "coverage": 0.9022194304857621,
        "mean_width": 669.9526315808341,
        "n_test": 4776,
        "window": 200
      }
    },
    "100": {
      "split_cp": {
        "coverage": 0.9131832797427653,
        "mean_width": 682.7070561675891,
        "n_test": 2488
      },
      "aci": {
        "coverage": 0.8994974874371859,
        "mean_width": 687.3642239802709,
        "n_test": 4776
      },
      "enbpi": {
        "coverage": 0.9022194304857621,
        "mean_width": 669.9526315808341,
        "n_test": 4776,
        "window": 200
      }
    },
    "200": {
      "split_cp": {
        "coverage": 0.9135852090032154,
        "mean_width": 683.9775816048282,
        "n_test": 2488
      },
      "aci": {
        "coverage": 0.8994974874371859,
        "mean_width": 688.0686913088188,
        "n_test": 4776
      },
      "enbpi": {
        "coverage": 0.9020100502512562,
        "mean_width": 670.7122633142131,
        "n_test": 4776,
        "window": 200
      }
    },
    "400": {
      "split_cp": {
        "coverage": 0.9135852090032154,
        "mean_width": 684.5892638921832,
        "n_test": 2488
      },
      "aci": {
        "coverage": 0.8994974874371859,
        "mean_width": 688.8372559435286,
        "n_test": 4776
      },
      "enbpi": {
        "coverage": 0.9020100502512562,
        "mean_width": 671.0483289819624,
        "n_test": 4776,
        "window": 200
      }
    },
    "800": {
      "split_cp": {
        "coverage": 0.9151929260450161,
        "mean_width": 687.5180012199442,
        "n_test": 2488
      },
      "aci": {
        "coverage": 0.89928810720268,
        "mean_width": 688.1028708387702,
        "n_test": 4776
      },
      "enbpi": {
        "coverage": 0.9020100502512562,
        "mean_width": 671.6389372954836,
        "n_test": 4776,
        "window": 200
      }
    },
    "1600": {
      "split_cp": {
        "coverage": 0.9155948553054662,
        "mean_width": 688.9439767982576,
        "n_test": 2488
      },
      "aci": {
        "coverage": 0.8988693467336684,
        "mean_width": 690.4066788920022,
        "n_test": 4776
      },
      "enbpi": {
        "coverage": 0.9018006700167505,
        "mean_width": 672.5696270854746,
        "n_test": 4776,
        "window": 200
      }
    }
  },
  "structural_break": {
    "\u03c1=0.85": {
      "split_cp": {
        "coverage": 0.9131832797427653,
        "mean_width": 682.7070561675891,
        "n_test": 2488
      },
      "aci": {
        "coverage": 0.8994974874371859,
        "mean_width": 687.3280520821844,
        "n_test": 4776
      },
      "enbpi": {
        "coverage": 0.9022194304857621,
        "mean_width": 669.9526315808341,
        "n_test": 4776,
        "window": 200
      }
    },
    "\u03c1=0.70": {
      "split_cp": {
        "coverage": 0.8938906752411575,
        "mean_width": 682.4367032510559,
        "n_test": 2488
      },
      "aci": {
        "coverage": 0.8990787269681743,
        "mean_width": 701.2369801845356,
        "n_test": 4776
      },
      "enbpi": {
        "coverage": 0.9030569514237856,
        "mean_width": 693.2179424202025,
        "n_test": 4776,
        "window": 200
      }
    },
    "\u03c1=0.50": {
      "split_cp": {
        "coverage": 0.8428456591639871,
        "mean_width": 682.4367032510559,
        "n_test": 2488
      },
      "aci": {
        "coverage": 0.8969849246231156,
        "mean_width": 738.5191296002373,
        "n_test": 4776
      },
      "enbpi": {
        "coverage": 0.9007537688442211,
        "mean_width": 742.9299472026819,
        "n_test": 4776,
        "window": 200
      }
    },
    "\u03c1=0.30": {
      "split_cp": {
        "coverage": 0.7644694533762058,
        "mean_width": 682.4367032510559,
        "n_test": 2488
      },
      "aci": {
        "coverage": 0.8936348408710217,
        "mean_width": 786.9064433733879,
        "n_test": 4776
      },
      "enbpi": {
        "coverage": 0.8976130653266332,
        "mean_width": 817.7156779444949,
        "n_test": 4776,
        "window": 200
      }
    },
    "\u03c1=0.10": {
      "split_cp": {
        "coverage": 0.6740353697749196,
        "mean_width": 682.7070561675891,
        "n_test": 2488
      },
      "aci": {
        "coverage": 0.8911222780569514,
        "mean_width": 847.3781858206818,
        "n_test": 4776
      },
      "enbpi": {
        "coverage": 0.8959380234505863,
        "mean_width": 922.1375694417436,
        "n_test": 4776,
        "window": 200
      }
    },
    "\u03c1=0.00": {
      "split_cp": {
        "coverage": 0.907556270096463,
        "mean_width": 691.4790577622372,
        "n_test": 2488
      },
      "aci": {
        "coverage": 0.8986599664991625,
        "mean_width": 708.3934728408476,
        "n_test": 4776
      },
      "enbpi": {
        "coverage": 0.9011725293132329,
        "mean_width": 688.646333480693,