{
  "config": {
    "panel": "/work/heimdall/data/processed/dk1_panel.parquet",
    "n_quarters_evaluated": 217696,
    "ewma_alpha": 0.1,
    "seq_len": 96,
    "qty_mw": 10.0,
    "safety_margin_eur": 50.0,
    "noise_scale_eur": 300.0,
    "hallucination_rate": 0.05,
    "hallucination_scale_eur": 5000.0,
    "tau_sweep": [
      0.0,
      10.0,
      50.0,
      100.0,
      250.0
    ],
    "alpha": 0.1,
    "calibration_window_quarters": 1344
  },
  "hallucinated_unguarded": {
    "n": 10875,
    "mean": 5076.506736433066,
    "frac_negative": 0.0,
    "sum_eur": 55207010.758709595,
    "q05": -0.0
  },
  "rows": [
    {
      "tau_eur": 0.0,
      "n_evaluated": 218780,
      "unguarded_mean_eur": 890.4477392822469,
      "unguarded_sum_eur": 194812156.40016997,
      "unguarded_frac_negative": 0.0,
      "guarded_mean_eur": 887.2644567232271,
      "guarded_sum_eur": 194115717.84190762,
      "guarded_frac_accepted": 0.5987293171222232,
      "guarded_frac_negative": 0.0,
      "gap_mean_eur": -3.183282559019784,
      "gap_bootstrap_ci_lo": -4.031799582958718,
      "gap_bootstrap_ci_hi": -2.4860760932224313,
      "n_rejected": 0,
      "rejected_mean_if_accepted": 0.0,
      "rejected_frac_negative": 0.0,
      "hallu_rejected_n": 0,
      "hallu_accepted_n": 10812,
      "hallu_filter_rate": 0.0,
      "hallu_accepted_mean_profit": 5070.389500479591
    },
    {
      "tau_eur": 10.0,
      "n_evaluated": 218780,
      "unguarded_mean_eur": 890.4477392822469,
      "unguarded_sum_eur": 194812156.40016997,
      "unguarded_frac_negative": 0.0,
      "guarded_mean_eur": 354.2780907303953,
      "guarded_sum_eur": 77508960.68999588,
      "guarded_frac_accepted": 0.10747783161166469,
      "guarded_frac_negative": 0.0,
      "gap_mean_eur": -536.1696485518515,
      "gap_bootstrap_ci_lo": -542.9744137347541,
      "gap_bootstrap_ci_hi": -530.0211838891232,
      "n_rejected": 194053,
      "rejected_mean_if_accepted": 600.9015946772878,
      "rejected_frac_negative": 0.0,
      "hallu_rejected_n": 5793,
      "hallu_accepted_n": 5019,
      "hallu_filter_rate": 0.5357935627081021,
      "hallu_accepted_mean_profit": 10771.775489546897
    },
    {
      "tau_eur": 50.0,
      "n_evaluated": 218780,
      "unguarded_mean_eur": 890.4477392822469,
      "unguarded_sum_eur": 194812156.40016997,
      "unguarded_frac_negative": 0.0,
      "guarded_mean_eur": 347.96927169483456,
      "guarded_sum_eur": 76128717.2613959,
      "guarded_frac_accepted": 0.10090044793856842,
      "guarded_frac_negative": 0.0,
      "gap_mean_eur": -542.4784675874124,
      "gap_bootstrap_ci_lo": -548.6366017321596,
      "gap_bootstrap_ci_hi": -536.5709550587957,
      "n_rejected": 195509,
      "rejected_mean_if_accepted": 603.486287488104,
      "rejected_frac_negative": 0.0,
      "hallu_rejected_n": 5806,
      "hallu_accepted_n": 5006,
      "hallu_filter_rate": 0.5369959304476507,
      "hallu_accepted_mean_profit": 10797.238635759013
    },
    {
      "tau_eur": 100.0,
      "n_evaluated": 218780,
      "unguarded_mean_eur": 890.4477392822469,
      "unguarded_sum_eur": 194812156.40016997,
      "unguarded_frac_negative": 0.0,
      "guarded_mean_eur": 340.6099693181227,
      "guarded_sum_eur": 74518649.08741888,
      "guarded_frac_accepted": 0.09322607185300302,
      "guarded_frac_negative": 0.0,
      "gap_mean_eur": -549.8377699641242,
      "gap_bootstrap_ci_lo": -556.5444718970198,
      "gap_bootstrap_ci_hi": -543.468120369007,
      "n_rejected": 197202,
      "rejected_mean_if_accepted": 606.4698570728935,
      "rejected_frac_negative": 0.0,
      "hallu_rejected_n": 5828,
      "hallu_accepted_n": 4984,
      "hallu_filter_rate": 0.5390307066222716,
      "hallu_accepted_mean_profit": 10839.137748539482
    },
    {
      "tau_eur": 250.0,
      "n_evaluated": 218780,
      "unguarded_mean_eur": 890.4477392822469,
      "unguarded_sum_eur": 194812156.40016997,
      "unguarded_frac_negative": 0.0,
      "guarded_mean_eur": 318.778205241319,
      "guarded_sum_eur": 69742295.74269576,
      "guarded_frac_accepted": 0.07322881433403419,
      "guarded_frac_negative": 0.0,
      "gap_mean_eur": -571.6695340409279,
      "gap_bootstrap_ci_lo": -577.8905500234844,
      "gap_bootstrap_ci_hi": -565.6949063940018,
      "n_rejected": 201606,
      "rejected_mean_if_accepted": 616.9132967233706,
      "rejected_frac_negative": 0.0,
      "hallu_rejected_n": 5882,
      "hallu_accepted_n": 4930,
      "hallu_filter_rate": 0.5440251572327044,
      "hallu_accepted_mean_profit": 10934.399412039167
    }
  ],
  "runtime_seconds": 11.919452428817749
}